[
{
  "model": "landlord.apartment",
  "pk": 1,
  "fields": {
    "landlord": 2,
    "name": "The Grandview"
  }
},
{
  "model": "landlord.apartment",
  "pk": 2,
  "fields": {
    "landlord": 3,
    "name": "Parkside Residences"
  }
},
{
  "model": "landlord.apartment",
  "pk": 3,
  "fields": {
    "landlord": 4,
    "name": "Urban Haven"
  }
},
{
  "model": "landlord.apartment",
  "pk": 4,
  "fields": {
    "landlord": 5,
    "name": "Raveewan Boulevard"
  }
},
{
  "model": "landlord.apartment",
  "pk": 5,
  "fields": {
    "landlord": 6,
    "name": "Parima Condominium"
  }
},
{
  "model": "landlord.apartment",
  "pk": 6,
  "fields": {
    "landlord": 7,
    "name": "Punnapa Sleep Well"
  }
},
{
  "model": "landlord.apartment",
  "pk": 7,
  "fields": {
    "landlord": 8,
    "name": "Thanchida Royalty"
  }
},
{
  "model": "landlord.apartment",
  "pk": 8,
  "fields": {
    "landlord": 9,
    "name": "Utopia"
  }
},
{
  "model": "landlord.apartment",
  "pk": 9,
  "fields": {
    "landlord": 10,
    "name": "Tana Choose"
  }
},
{
  "model": "landlord.apartmentlocation",
  "pk": 1,
  "fields": {
    "apartment": 1,
    "address": "Downtown District"
  }
},
{
  "model": "landlord.apartmentlocation",
  "pk": 2,
  "fields": {
    "apartment": 2,
    "address": "Near Central Park"
  }
},
{
  "model": "landlord.apartmentlocation",
  "pk": 3,
  "fields": {
    "apartment": 3,
    "address": "Uptown City Center"
  }
},
{
  "model": "landlord.apartmentlocation",
  "pk": 4,
  "fields": {
    "apartment": 4,
    "address": "Sukhumwit"
  }
},
{
  "model": "landlord.apartmentlocation",
  "pk": 5,
  "fields": {
    "apartment": 5,
    "address": "Lamlukka"
  }
},
{
  "model": "landlord.apartmentlocation",
  "pk": 6,
  "fields": {
    "apartment": 6,
    "address": "Bangkapi"
  }
},
{
  "model": "landlord.apartmentlocation",
  "pk": 7,
  "fields": {
    "apartment": 7,
    "address": "Oceanfront Drive"
  }
},
{
  "model": "landlord.apartmentlocation",
  "pk": 8,
  "fields": {
    "apartment": 8,
    "address": "Cedar Ridge Hills"
  }
},
{
  "model": "landlord.apartmentlocation",
  "pk": 9,
  "fields": {
    "apartment": 9,
    "address": "Manhattan"
  }
},
{
  "model": "landlord.employee",
  "pk": 1,
  "fields": {
    "apartment": 4,
    "name": "Saruj",
    "salary": 15000,
    "occupation": "Juristic Person"
  }
},
{
  "model": "landlord.employee",
  "pk": 2,
  "fields": {
    "apartment": 4,
    "name": "Sukda",
    "salary": 10000,
    "occupation": "Gardener"
  }
},
{
  "model": "landlord.employee",
  "pk": 3,
  "fields": {
    "apartment": 6,
    "name": "Chatklao",
    "salary": 20000,
    "occupation": "Housekeeper"
  }
},
{
  "model": "landlord.employee",
  "pk": 4,
  "fields": {
    "apartment": 6,
    "name": "Prajak",
    "salary": 12000,
    "occupation": "Security"
  }
},
{
  "model": "landlord.employee",
  "pk": 5,
  "fields": {
    "apartment": 5,
    "name": "Pokket",
    "salary": 18000,
    "occupation": "Reception"
  }
},
{
  "model": "landlord.employee",
  "pk": 6,
  "fields": {
    "apartment": 4,
    "name": "Pitiphong",
    "salary": 15000,
    "occupation": "Security"
  }
},
{
  "model": "landlord.employee",
  "pk": 7,
  "fields": {
    "apartment": 1,
    "name": "Singhanat",
    "salary": 14000,
    "occupation": "Security"
  }
},
{
  "model": "landlord.employee",
  "pk": 8,
  "fields": {
    "apartment": 2,
    "name": "Phatsakon",
    "salary": 17000,
    "occupation": "Security"
  }
},
{
  "model": "landlord.employee",
  "pk": 9,
  "fields": {
    "apartment": 3,
    "name": "Rapeepong",
    "salary": 16000,
    "occupation": "Security"
  }
},
{
  "model": "landlord.employee",
  "pk": 10,
  "fields": {
    "apartment": 5,
    "name": "Armand",
    "salary": 18000,
    "occupation": "Security"
  }
},
{
  "model": "landlord.employee",
  "pk": 11,
  "fields": {
    "apartment": 7,
    "name": "Anon",
    "salary": 16000,
    "occupation": "Security"
  }
},
{
  "model": "landlord.employee",
  "pk": 12,
  "fields": {
    "apartment": 8,
    "name": "Asha",
    "salary": 14000,
    "occupation": "Security"
  }
},
{
  "model": "landlord.employee",
  "pk": 13,
  "fields": {
    "apartment": 9,
    "name": "Chana",
    "salary": 17000,
    "occupation": "Security"
  }
},
{
  "model": "landlord.employee",
  "pk": 14,
  "fields": {
    "apartment": 1,
    "name": "Areeya",
    "salary": 19000,
    "occupation": "Reception"
  }
},
{
  "model": "landlord.employee",
  "pk": 15,
  "fields": {
    "apartment": 2,
    "name": "Gina",
    "salary": 20000,
    "occupation": "Reception"
  }
},
{
  "model": "landlord.employee",
  "pk": 16,
  "fields": {
    "apartment": 3,
    "name": "Ashley",
    "salary": 21000,
    "occupation": "Reception"
  }
},
{
  "model": "landlord.employee",
  "pk": 17,
  "fields": {
    "apartment": 4,
    "name": "Alice",
    "salary": 19000,
    "occupation": "Reception"
  }
},
{
  "model": "landlord.employee",
  "pk": 18,
  "fields": {
    "apartment": 5,
    "name": "Candace",
    "salary": 20000,
    "occupation": "Reception"
  }
},
{
  "model": "landlord.employee",
  "pk": 19,
  "fields": {
    "apartment": 6,
    "name": "Chandra",
    "salary": 22000,
    "occupation": "Reception"
  }
},
{
  "model": "landlord.employee",
  "pk": 20,
  "fields": {
    "apartment": 7,
    "name": "Darwin",
    "salary": 18000,
    "occupation": "Reception"
  }
},
{
  "model": "landlord.employee",
  "pk": 21,
  "fields": {
    "apartment": 8,
    "name": "Derek",
    "salary": 21000,
    "occupation": "Reception"
  }
},
{
  "model": "landlord.employee",
  "pk": 22,
  "fields": {
    "apartment": 9,
    "name": "Gavin",
    "salary": 24000,
    "occupation": "Reception"
  }
},
{
  "model": "landlord.employee",
  "pk": 23,
  "fields": {
    "apartment": 1,
    "name": "Jade",
    "salary": 15000,
    "occupation": "Maintainance"
  }
},
{
  "model": "landlord.employee",
  "pk": 24,
  "fields": {
    "apartment": 2,
    "name": "Sakchai",
    "salary": 16000,
    "occupation": "Maintainance"
  }
},
{
  "model": "landlord.employee",
  "pk": 25,
  "fields": {
    "apartment": 3,
    "name": "Chaiyo",
    "salary": 15000,
    "occupation": "Maintainance"
  }
},
{
  "model": "landlord.employee",
  "pk": 26,
  "fields": {
    "apartment": 4,
    "name": "Ken",
    "salary": 17000,
    "occupation": "Maintainance"
  }
},
{
  "model": "landlord.employee",
  "pk": 27,
  "fields": {
    "apartment": 5,
    "name": "Anuwat",
    "salary": 18000,
    "occupation": "Maintainance"
  }
},
{
  "model": "landlord.employee",
  "pk": 28,
  "fields": {
    "apartment": 6,
    "name": "Wichai",
    "salary": 17000,
    "occupation": "Maintainance"
  }
},
{
  "model": "landlord.employee",
  "pk": 29,
  "fields": {
    "apartment": 7,
    "name": "Prasert",
    "salary": 14000,
    "occupation": "Maintainance"
  }
},
{
  "model": "landlord.employee",
  "pk": 30,
  "fields": {
    "apartment": 8,
    "name": "Somchai",
    "salary": 16000,
    "occupation": "Maintainance"
  }
},
{
  "model": "landlord.employee",
  "pk": 31,
  "fields": {
    "apartment": 9,
    "name": "Niran",
    "salary": 18000,
    "occupation": "Maintainance"
  }
},
{
  "model": "landlord.employee",
  "pk": 32,
  "fields": {
    "apartment": 1,
    "name": "Chutima",
    "salary": 21000,
    "occupation": "Accountant"
  }
},
{
  "model": "landlord.employee",
  "pk": 33,
  "fields": {
    "apartment": 2,
    "name": "Naruemon",
    "salary": 21000,
    "occupation": "Accountant"
  }
},
{
  "model": "landlord.employee",
  "pk": 34,
  "fields": {
    "apartment": 3,
    "name": "Patcharin",
    "salary": 22000,
    "occupation": "Accountant"
  }
},
{
  "model": "landlord.employee",
  "pk": 35,
  "fields": {
    "apartment": 4,
    "name": "Anong",
    "salary": 20000,
    "occupation": "Accountant"
  }
},
{
  "model": "landlord.employee",
  "pk": 36,
  "fields": {
    "apartment": 5,
    "name": "Jiraporn",
    "salary": 23000,
    "occupation": "Accountant"
  }
},
{
  "model": "landlord.employee",
  "pk": 37,
  "fields": {
    "apartment": 6,
    "name": "Rinrada",
    "salary": 25000,
    "occupation": "Accountant"
  }
},
{
  "model": "landlord.employee",
  "pk": 38,
  "fields": {
    "apartment": 7,
    "name": "Apinya",
    "salary": 20000,
    "occupation": "Accountant"
  }
},
{
  "model": "landlord.employee",
  "pk": 39,
  "fields": {
    "apartment": 8,
    "name": "Kanchana",
    "salary": 24000,
    "occupation": "Accountant"
  }
},
{
  "model": "landlord.employee",
  "pk": 40,
  "fields": {
    "apartment": 9,
    "name": "Baralee",
    "salary": 23000,
    "occupation": "Accountant"
  }
},
{
  "model": "landlord.employee",
  "pk": 41,
  "fields": {
    "apartment": 1,
    "name": "Thitima",
    "salary": 30000,
    "occupation": "Manager"
  }
},
{
  "model": "landlord.employee",
  "pk": 42,
  "fields": {
    "apartment": 2,
    "name": "Tara",
    "salary": 28000,
    "occupation": "Manager"
  }
},
{
  "model": "landlord.employee",
  "pk": 43,
  "fields": {
    "apartment": 3,
    "name": "Kittisak",
    "salary": 29000,
    "occupation": "Manager"
  }
},
{
  "model": "landlord.employee",
  "pk": 44,
  "fields": {
    "apartment": 4,
    "name": "Napat",
    "salary": 29000,
    "occupation": "Manager"
  }
},
{
  "model": "landlord.employee",
  "pk": 45,
  "fields": {
    "apartment": 5,
    "name": "Aranya",
    "salary": 32000,
    "occupation": "Manager"
  }
},
{
  "model": "landlord.employee",
  "pk": 46,
  "fields": {
    "apartment": 6,
    "name": "Pimchanok",
    "salary": 30000,
    "occupation": "Manager"
  }
},
{
  "model": "landlord.employee",
  "pk": 47,
  "fields": {
    "apartment": 7,
    "name": "Vichai",
    "salary": 30000,
    "occupation": "Manager"
  }
},
{
  "model": "landlord.employee",
  "pk": 48,
  "fields": {
    "apartment": 8,
    "name": "Witatya",
    "salary": 29000,
    "occupation": "Manager"
  }
},
{
  "model": "landlord.employee",
  "pk": 49,
  "fields": {
    "apartment": 9,
    "name": "Apiradee",
    "salary": 29000,
    "occupation": "Manager"
  }
},
{
  "model": "landlord.employee",
  "pk": 58,
  "fields": {
    "apartment": 6,
    "name": "Alan",
    "salary": 20000,
    "occupation": "Juristic Person"
  }
},
{
  "model": "landlord.employee",
  "pk": 59,
  "fields": {
    "apartment": 6,
    "name": "Dawn",
    "salary": 12000,
    "occupation": "Gardener"
  }
},
{
  "model": "landlord.employee",
  "pk": 60,
  "fields": {
    "apartment": 7,
    "name": "Jarad",
    "salary": 23000,
    "occupation": "Juristic Person"
  }
},
{
  "model": "landlord.employee",
  "pk": 61,
  "fields": {
    "apartment": 7,
    "name": "Mitch",
    "salary": 12000,
    "occupation": "Gardener"
  }
},
{
  "model": "landlord.employee",
  "pk": 62,
  "fields": {
    "apartment": 8,
    "name": "Natasha",
    "salary": 20000,
    "occupation": "Juristic Person"
  }
},
{
  "model": "landlord.employee",
  "pk": 63,
  "fields": {
    "apartment": 8,
    "name": "Nathan",
    "salary": 12000,
    "occupation": "Gardener"
  }
},
{
  "model": "landlord.employee",
  "pk": 64,
  "fields": {
    "apartment": 9,
    "name": "Nora",
    "salary": 24000,
    "occupation": "Juristic Person"
  }
},
{
  "model": "landlord.employee",
  "pk": 65,
  "fields": {
    "apartment": 9,
    "name": "Pascal",
    "salary": 15000,
    "occupation": "Gardener"
  }
},
{
  "model": "landlord.tenant",
  "pk": 1,
  "fields": {
    "name": "John Anderson",
    "contact_info": "1234567890"
  }
},
{
  "model": "landlord.tenant",
  "pk": 2,
  "fields": {
    "name": "Emma Thompson",
    "contact_info": "emma.thompson@example.com"
  }
},
{
  "model": "landlord.tenant",
  "pk": 3,
  "fields": {
    "name": "Liam Johnson",
    "contact_info": "0987654321"
  }
},
{
  "model": "landlord.tenant",
  "pk": 4,
  "fields": {
    "name": "Ava Martin",
    "contact_info": "ava.martin@example.com"
  }
},
{
  "model": "landlord.tenant",
  "pk": 5,
  "fields": {
    "name": "Noah Garcia",
    "contact_info": "1122334455"
  }
},
{
  "model": "landlord.tenant",
  "pk": 6,
  "fields": {
    "name": "Mia Rodriguez",
    "contact_info": "mia.rodriguez@example.com"
  }
},
{
  "model": "landlord.tenant",
  "pk": 7,
  "fields": {
    "name": "Lucas Wilson",
    "contact_info": "2233445566"
  }
},
{
  "model": "landlord.tenant",
  "pk": 8,
  "fields": {
    "name": "Sophia Martinez",
    "contact_info": "sophia.martinez@example.com"
  }
},
{
  "model": "landlord.tenant",
  "pk": 9,
  "fields": {
    "name": "Benjamin Brown",
    "contact_info": "3344556677"
  }
},
{
  "model": "landlord.tenant",
  "pk": 10,
  "fields": {
    "name": "Isabella Lee",
    "contact_info": "isabella.lee@example.com"
  }
},
{
  "model": "landlord.tenant",
  "pk": 11,
  "fields": {
    "name": "James Harris",
    "contact_info": "4455667788"
  }
},
{
  "model": "landlord.tenant",
  "pk": 12,
  "fields": {
    "name": "Amelia Clark",
    "contact_info": "amelia.clark@example.com"
  }
},
{
  "model": "landlord.tenant",
  "pk": 13,
  "fields": {
    "name": "Ethan Lewis",
    "contact_info": "5566778899"
  }
},
{
  "model": "landlord.tenant",
  "pk": 14,
  "fields": {
    "name": "Charlotte Walker",
    "contact_info": "charlotte.walker@example.com"
  }
},
{
  "model": "landlord.tenant",
  "pk": 15,
  "fields": {
    "name": "Alexander Hall",
    "contact_info": "6677889900"
  }
},
{
  "model": "landlord.tenant",
  "pk": 16,
  "fields": {
    "name": "Olivia Allen",
    "contact_info": "olivia.allen@example.com"
  }
},
{
  "model": "landlord.tenant",
  "pk": 17,
  "fields": {
    "name": "Mason Young",
    "contact_info": "7788990011"
  }
},
{
  "model": "landlord.tenant",
  "pk": 18,
  "fields": {
    "name": "Evelyn King",
    "contact_info": "evelyn.king@example.com"
  }
},
{
  "model": "landlord.tenant",
  "pk": 19,
  "fields": {
    "name": "Elijah Wright",
    "contact_info": "8899001122"
  }
},
{
  "model": "landlord.tenant",
  "pk": 20,
  "fields": {
    "name": "Harper Scott",
    "contact_info": "harper.scott@example.com"
  }
},
{
  "model": "landlord.tenant",
  "pk": 21,
  "fields": {
    "name": "Akkarat Srisomchai",
    "contact_info": "akkarat99@example.com"
  }
},
{
  "model": "landlord.tenant",
  "pk": 22,
  "fields": {
    "name": "Benjamas Chaiyarat",
    "contact_info": "66834567890"
  }
},
{
  "model": "landlord.tenant",
  "pk": 23,
  "fields": {
    "name": "Chakrit Thavornkul",
    "contact_info": "chakrit.smart@example.com"
  }
},
{
  "model": "landlord.tenant",
  "pk": 24,
  "fields": {
    "name": "Dara Wiriyawan",
    "contact_info": "66923456789"
  }
},
{
  "model": "landlord.tenant",
  "pk": 25,
  "fields": {
    "name": "Ekachai Phonpichai",
    "contact_info": "ekachai.victory@example.com"
  }
},
{
  "model": "landlord.tenant",
  "pk": 26,
  "fields": {
    "name": "Fahpratan Saelim",
    "contact_info": "66815672345"
  }
},
{
  "model": "landlord.tenant",
  "pk": 27,
  "fields": {
    "name": "Gaysorn Charoenrat",
    "contact_info": "gaysorn.petals@example.com"
  }
},
{
  "model": "landlord.tenant",
  "pk": 28,
  "fields": {
    "name": "Haruthai Boonyarak",
    "contact_info": "66876543210"
  }
},
{
  "model": "landlord.tenant",
  "pk": 29,
  "fields": {
    "name": "Issara Pongsakorn",
    "contact_info": "issara.freedom@example.com"
  }
},
{
  "model": "landlord.tenant",
  "pk": 30,
  "fields": {
    "name": "Jirayu Wongthong",
    "contact_info": "66887654321"
  }
},
{
  "model": "landlord.tenant",
  "pk": 31,
  "fields": {
    "name": "Kanokwan Chaisiri",
    "contact_info": "kanokwan.golden@example.com"
  }
},
{
  "model": "landlord.tenant",
  "pk": 32,
  "fields": {
    "name": "Lalana Songsakul",
    "contact_info": "66898765432"
  }
},
{
  "model": "landlord.tenant",
  "pk": 33,
  "fields": {
    "name": "Montira Kongsawat",
    "contact_info": "montira.respected@example.com"
  }
},
{
  "model": "landlord.tenant",
  "pk": 34,
  "fields": {
    "name": "Narin Thongchai",
    "contact_info": "66865432109"
  }
},
{
  "model": "landlord.tenant",
  "pk": 35,
  "fields": {
    "name": "Oranuch Chatchawan",
    "contact_info": "oranuch.beloved@example.com"
  }
},
{
  "model": "landlord.tenant",
  "pk": 36,
  "fields": {
    "name": "Phattharaphon Rattanakorn",
    "contact_info": "66821234567"
  }
},
{
  "model": "landlord.tenant",
  "pk": 37,
  "fields": {
    "name": "Rattana Wongsuwan",
    "contact_info": "rattana.gem@example.com"
  }
},
{
  "model": "landlord.tenant",
  "pk": 38,
  "fields": {
    "name": "Sakda Yamsri",
    "contact_info": "66842345678"
  }
},
{
  "model": "landlord.tenant",
  "pk": 39,
  "fields": {
    "name": "Tanaporn Kittisak",
    "contact_info": "tanaporn.blessing@example.com"
  }
},
{
  "model": "landlord.tenant",
  "pk": 40,
  "fields": {
    "name": "Worawut Viriyaboon",
    "contact_info": "66856781234"
  }
},
{
  "model": "landlord.tenant",
  "pk": 41,
  "fields": {
    "name": "Yuto Tanaka",
    "contact_info": "yuto.tanaka@example.com"
  }
},
{
  "model": "landlord.tenant",
  "pk": 42,
  "fields": {
    "name": "Liang Wen",
    "contact_info": "8613987654321"
  }
},
{
  "model": "landlord.tenant",
  "pk": 43,
  "fields": {
    "name": "Jeehoon Park",
    "contact_info": "jeehoon.park@example.com"
  }
},
{
  "model": "landlord.tenant",
  "pk": 44,
  "fields": {
    "name": "Amara Pichai",
    "contact_info": "66 82 567 8901"
  }
},
{
  "model": "landlord.tenant",
  "pk": 45,
  "fields": {
    "name": "Ankush Patel",
    "contact_info": "ankush.patel@example.com"
  }
}
]
